<?xml version = "1.0" encoding = "UTF-8"?>
<!DOCTYPE hibernate-mapping PUBLIC 
"-//Hibernate/Hibernate Mapping DTD//EN"
"http://www.hibernate.org/dtd/hibernate-mapping-3.0.dtd">

<hibernate-mapping>
	<class name="co.com.vass.bank.vo.City" table="city">
		<id name = "idcity" column = "idcity">
         <generator class="native"/>
      	</id>
		<property name="namecity" column="name_city"/>
		<property name="iddepartament" column="iddepartament"/>
		<property name="idcostumer" column="idcostumer"/>
		<property name="typecity" column="type_city"/>
		
	
	</class>
</hibernate-mapping>