<?xml version = "1.0" encoding = "UTF-8"?>
<!DOCTYPE hibernate-mapping PUBLIC 
"-//Hibernate/Hibernate Mapping DTD//EN"
"http://www.hibernate.org/dtd/hibernate-mapping-3.0.dtd">

<hibernate-mapping>
	<class name="co.com.vass.bank.vo.Costumer" table="costumer">
		<id name = "idcostumer" column = "idcostumer">
         <generator class="native"/>
      	</id>
      	
		<property name="tyId" column="type_identification" />
		<property name="identification" column="identification" />
		<property name="firstName" column="first_name"/>
		<property name="lastName" column="last_name"/>
		<property name="birthDate" column="birth_date"/>
		<property name="email" column="email"/>
		<property name="address" column="address"/>
		<property name="phone" column="phone"/>
		<property name="ciudad" column="ciudad"/>
		<property name="idUser" column="idUser"/>
		<property name="iddepartament" column="iddepartament"/>
		<property name="idadvisor" column="idadvisor"/>
		<property name="idadministrator" column="idadministrator"/>
		<property name="idroles" column="idroles"/>
		<property name="fk_customer_user" column="fk_customer_user"/>
	
	</class>
</hibernate-mapping>