<?xml version = "1.0" encoding = "UTF-8"?>
<!DOCTYPE hibernate-mapping PUBLIC 
"-//Hibernate/Hibernate Mapping DTD//EN"
"http://www.hibernate.org/dtd/hibernate-mapping-3.0.dtd">

<hibernate-mapping>
	<class name="co.com.vass.bank.vo.Departament" table="departament">
		<id name = "iddepartament" column = "iddepartament">
         <generator class="native"/>
      	</id>
		<property name="namedepart" column="name_depart"/>
		<property name="idcostumer" column="idcostumer"/>
		<property name="typedepart" column="type_depart"/>
	
	</class>
</hibernate-mapping>