<?xml version="1.0" encoding="utf-8"?>
<!DOCTYPE hibernate-configuration PUBLIC
"-//Hibernate/Hibernate Configuration DTD 3.0//EN"
"http://hibernate.sourceforge.net/hibernate-configuration-3.0.dtd">
<hibernate-configuration>
    <session-factory>
        <property name="hibernate.connection.driver_class">com.mysql.jdbc.Driver</property>
        <property name="hibernate.connection.url">jdbc:mysql://localhost:3306/bank?useSSL=false&amp;serverTimezone=UTC</property>
        <property name="hibernate.connection.password">orlandito34</property>
        <property name="hibernate.connection.username">root</property>	
        <property name="hibernate.dialect">org.hibernate.dialect.MySQLDialect</property>
   		<!-- JDBC connection pool (use the built-in) -->
        <property name="connection.pool_size">1</property>

        <!-- SQL dialect -->
        <property name="dialect">org.hibernate.dialect.MySQLDialect</property>

        <!-- Enable Hibernate's automatic session context management -->
        <property name="current_session_context_class">thread</property>

        <!--> Disable the second-level cache  -->
        <property name="cache.provider_class">org.hibernate.cache.NoCacheProvider</property>

        <!-- Echo all executed SQL to stdout -->
        <property name="show_sql">true</property>
        
      
         <mapping resource="User.hbm.xml"/>
         <mapping resource="Costumer.hbm.xml"/>
         <mapping resource="Departament.hbm.xml"/>
         <mapping resource="City.hbm.xml"/>
         <mapping resource="Administrator.hbm.xml"/>
         <mapping resource="Advisor.hbm.xml"/>
<!--          <mapping resource="Roles.hbm.xml"/> -->
        
        
        
    </session-factory>
</hibernate-configuration>

