<?xml version = "1.0" encoding = "UTF-8"?>
<!DOCTYPE hibernate-mapping PUBLIC 
"-//Hibernate/Hibernate Mapping DTD//EN"
"http://www.hibernate.org/dtd/hibernate-mapping-3.0.dtd">

<hibernate-mapping>
	<class name="co.com.vass.bank.vo.Roles" table="roles">
		<id name = "idroles" column = "idroles">
         <generator class="native"/>
      	</id>
      	
		<property name="costumer" column="costumer" />
		<property name="advisor" column="advisor" />
		<property name="administrator" column="administrator"/>
		<property name="idadvisor" column="idadvisor"/>
		<property name="idcostumer" column="idcostumer"/>
		<property name="idUser" column="idUser"/>
		<property name="idadministrator" column="idadministrator"/>
		
	
	</class>
</hibernate-mapping>