<?xml version = "1.0" encoding = "UTF-8"?>
<!DOCTYPE hibernate-mapping PUBLIC 
"-//Hibernate/Hibernate Mapping DTD//EN"
"http://www.hibernate.org/dtd/hibernate-mapping-3.0.dtd">

<hibernate-mapping>
	<class name="co.com.vass.bank.vo.User" table="user">
		<id name = "idUser" column = "idUser">
         <generator class="native"/>
      	</id>
		<property name="username" column="username" />
		<property name="password" column="password" />
		<property name="idroles" column="idroles" />


	</class>
</hibernate-mapping>